"rown","coln","shortdT2","ligation4","shortdT1","ligation3","ligation1","ligation2","randN1","randN2","sgRNAcapture","ligation1.rc","ligation2.rc","ligation3.rc","ligation4.rc","well"
"A",1,"GGTTGGCGAC","ACGGTCATCA","TTCTCGCATG","GTTACTTAGC","CCGCGGCTCA","AGAGAACTTG","CGGTCAAGAA","GCCGTATGCT","TTCTCGCATG","TGAGCCGCGG","CAAGTTCTCT","GCTAAGTAAC","TGATGACCGT","A1"
"A",2,"GTAGATCGTT","ACGTAGCAGG","TCCTACCAGT","ACCGCCGCAA","GGCTCCTCGT","AGTCGGCTCC","CGCTCCTAAC","CTGAACTGGT","TCCTACCAGT","ACGAGGAGCC","GGAGCCGACT","TTGCGGCGGT","CCTGCTACGT","A2"
"A",3,"GAGGTCGGTT","CGACCGAGAG","GCGTTGGAGC","CTCAAGTCCT","GTTACGCAAG","TACCAGAGTA","ATCCATGACT","CATAACCAGC","GCGTTGGAGC","CTTGCGTAAC","TACTCTGGTA","AGGACTTGAG","CTCTCGGTCG","A3"
"A",4,"ACGCGCTCCT","AAGCGGTTCT","GATCTTACGC","CGGTCGACTA","AGCCGGTACC","ACCGACCTCA","AACCTGGTCT","AAGTTGCCAT","GATCTTACGC","GGTACCGGCT","TGAGGTCGGT","TAGTCGACCG","AGAACCGCTT","A4"
"A",5,"AGCGTCGTAT","TCGGAATAAC","CTGATGGTCA","TTCGCCGTAA","ACCTCTATCT","ATCCTACCTC","ACCGAAGACC","AGGCCGCTCG","CTGATGGTCA","AGATAGAGGT","GAGGTAGGAT","TTACGGCGAA","GTTATTCCGA","A5"
"A",6,"GACCAATGCG","AAGTTCGCTG","CCGAGAATCC","GCTCCGCTTG","GGACTACTAC","TGCAAGGCGT","GGTACCGGCA","AGGTAATAGG","CCGAGAATCC","GTAGTAGTCC","ACGCCTTGCA","CAAGCGGAGC","CAGCGAACTT","A6"
"A",7,"AGGTAGAGCT","AATAATCGGT","GCCGCAACGA","ACTTAAGATA","GTATCATCGA","TTGCTGCGCC","AAGCCAGTTA","GTACTAGTAA","GCCGCAACGA","TCGATGATAC","GGCGCAGCAA","TATCTTAAGT","ACCGATTATT","A7"
"A",8,"TTGCAGCATT","AGGCGAAGGC","TGAGTCTGGC","GGCATGGCCA","CCGCGATTAT","CCGCGCTATA","TCTTGCCGAC","GCGCGGTAGT","TGAGTCTGGC","ATAATCGCGG","TATAGCGCGG","TGGCCATGCC","GCCTTCGCCT","A8"
"A",9,"GTAGATGCGC","AAGCCGCCGC","TGCGGACCTA","CTTCGGTATA","ATTCAGGTAC","GGACGGAGCC","AAGACCGTTG","CTGGATTAGT","TGCGGACCTA","GTACCTGAAT","GGCTCCGTCC","TATACCGAAG","GCGGCGGCTT","A9"
"A",10,"TCGGTAAGGC","TCGGCCGATG","ACCTCGTTGA","GAGATTCGCC","ATGGAATTGG","AATACTTGCG","AGGTTAGCAT","TTGGATCCTT","ACCTCGTTGA","CCAATTCCAT","CGCAAGTATT","GGCGAATCTC","CATCGGCCGA","A10"
"A",11,"ACGATAGACT","AGCGACTGCT","ACGGAGGCGG","CTAGGCCGTT","GACGAAGCGT","GGATTGACTC","TTCGCCTCCA","TTGGAATCTC","ACGGAGGCGG","ACGCTTCGTC","GAGTCAATCC","AACGGCCTAG","AGCAGTCGCT","A11"
"A",12,"GCGGCCAATC","CTTAATGAGC","TAGATCTACT","GGCCAACGAT","CTTGCAGTAG","AGCTTACGAA","AGAGCCAAGG","ACCTGGACGC","TAGATCTACT","CTACTGCAAG","TTCGTAAGCT","ATCGTTGGCC","GCTCATTAAG","A12"
"B",1,"ACGCGTATCG","AATTCCTCTC","AATTAAGACT","ACGGAACCTG","CTTGGTAATG","TGATGCATCG","AATACCATCC","CCTGACGTTC","AATTAAGACT","CATTACCAAG","CGATGCATCA","CAGGTTCCGT","GAGAGGAATT","B1"
"B",2,"CATGACTCAA","GCTGGTCTCC","CCATTGCGTT","TGATTCTCGT","CAAGTCGACC","ATAATCTCGC","AGCTCTCCTC","GCGTTCAGCT","CCATTGCGTT","GGTCGACTTG","GCGAGATTAT","ACGAGAATCA","GGAGACCAGC","B2"
"B",3,"ACTCCGCCAA","AGTATTGCTA","TTATTCATTC","TTGCGTCAAC","TAACGAATTG","CAGCAGTATC","CTTGATTGCC","TTAGCAATAA","TTATTCATTC","CAATTCGTTA","GATACTGCTG","GTTGACGCAA","TAGCAATACT","B3"
"B",4,"ACGTTGAATG","TCTAGGATAA","ATCTCCGAAC","GAATGCAACC","TGAGAACCAA","ACGACCAATA","AGCTTATCCG","TTGATGCTAT","ATCTCCGAAC","TTGGTTCTCA","TATTGGTCGT","GGTTGCATTC","TTATCCTAGA","B4"
"B",5,"AGGACTGCGA","GGTCCTGCAA","TTGACTTCAG","TGCGGTTCAG","TTATTCTGAG","CGGATAGGTA","AAGAATCTGA","CTCTGCGGCA","TTGACTTCAG","CTCAGAATAA","TACCTATCCG","CTGAACCGCA","TTGCAGGACC","B5"
"B",6,"ACTCGACGCC","CGCTTCAATT","GGCAGGTATT","TTGGCCAACC","TTATTATGGT","TCGAAGCGCG","CATCTCTGCA","AATAATACCA","GGCAGGTATT","ACCATAATAA","CGCGCTTCGA","GGTTGGCCAA","AATTGAAGCG","B6"
"B",7,"CCTATCATAA","GGATTATTAT","AGAGCTATAA","TTGGTTAAGC","ATATGAGCCA","GGTAAGCTCT","ACCTGGCCAA","ACGCCGTTCA","AGAGCTATAA","TGGCTCATAT","AGAGCTTACC","GCTTAACCAA","ATAATAATCC","B7"
"B",8,"AATCCGGTCA","TCCGGCTGAT","CTAAGAGAAG","CTTAAGTTCG","CAACCAGTAC","AGGTAATTCC","TAACTGGTTA","TTCGCTTACG","CTAAGAGAAG","GTACTGGTTG","GGAATTACCT","CGAACTTAAG","ATCAGCCGGA","B8"
"B",9,"CTATTAACCA","CCGCCTCGTT","ACTCAATAGG","GTCCTCAGAA","CATCCGACTA","AGACCATTCA","TTGCTAACGG","TACGGCTACG","ACTCAATAGG","TAGTCGGATG","TGAATGGTCT","TTCTGAGGAC","AACGAGGCGG","B9"
"B",10,"GATCCAGCGT","TTATAATCAA","CTTGCGCCGC","GGAGTCGTCT","ATCATGGCTG","CTGATCGACC","ACTAGAGAGT","TTCTTATCGA","CTTGCGCCGC","CAGCCATGAT","GGTCGATCAG","AGACGACTCC","TTGATTATAA","B10"
"B",11,"TGAGACTCTA","CCATTGAACG","AATCGTAGCG","GGTACCTCTA","CCGCAAGTTC","GCAATTACTC","AATGCCGCTT","TTCCATGGCA","AATCGTAGCG","GAACTTGCGG","GAGTAATTGC","TAGAGGTACC","CGTTCAATGG","B11"
"B",12,"GCGGAGTCGA","ACTCCAACGG","GGTACTGCCT","GATCGCTGAG","CTTCTCATTG","GAGGAGTTCG","TATAGACGCA","AAGTAGTCAG","GGTACTGCCT","CAATGAGAAG","CGAACTCCTC","CTCAGCGATC","CCGTTGGAGT","B12"
"C",1,"GAGGCTTATT","ACCTCCTGAA","TAGAATTAAC","AGAGTACTCC","CAGGAGGAGA","TAGTACTATC","TCAATCGCAT","TCAGCTCTAA","TAGAATTAAC","TCTCCTCCTG","GATAGTACTA","GGAGTACTCT","TTCAGGAGGT","C1"
"C",2,"CGCCAGGCAT","AGAGGCCGGC","GCCATTCTCC","TCATTCTATT","GATATCGGCG","CGACTTGGCG","TTCTTAATAA","CGAATAGATG","GCCATTCTCC","CGCCGATATC","CGCCAAGTCG","AATAGAATGA","GCCGGCCTCT","C2"
"C",3,"AATACCAGTT","CTGCCTCTTC","TGCCGGCAGA","GTTACTACCA","CCAGTCCTCT","CTATTCGGCC","GTCCTAGAGG","CGGAGATCCG","TGCCGGCAGA","AGAGGACTGG","GGCCGAATAG","TGGTAGTAAC","GAAGAGGCAG","C3"
"C",4,"GCGGTTATTG","CAGTATCCTT","TTACCGAGGC","CCAGCTCGCC","CATAGTTCGG","CTTCCAAGAA","ATATTGATAC","ACCGCAGAAT","TTACCGAGGC","CCGAACTATG","TTCTTGGAAG","GGCGAGCTGG","AAGGATACTG","C4"
"C",5,"CATCCAGCCA","GTCAACTAGC","ATCATATTAG","CGCCGGTATG","CGTAATGCAG","CGATCCTGGA","CCGCTGCCAG","TCTCCTATAA","ATCATATTAG","CTGCATTACG","TCCAGGATCG","CATACCGGCG","GCTAGTTGAC","C5"
"C",6,"GGCTGCCTTA","TGACGCAGTC","TGGTCAGCCA","TTAATTCGTA","CCGTTCGGAT","TATTCCGTTA","CCTAGTACGT","CAACCTATAT","TGGTCAGCCA","ATCCGAACGG","TAACGGAATA","TACGAATTAA","GACTGCGTCA","C6"
"C",7,"TTCTATAGAG","GTCAATACGA","ACTATGCAAT","GAAGGCTCCA","CCATAAGTCC","TTAGTACGCC","CAATTACCGT","AGTCGAGAAG","ACTATGCAAT","GGACTTATGG","GGCGTACTAA","TGGAGCCTTC","TCGTATTGAC","C7"
"C",8,"TCTAGTCAAG","TGAACTTCGA","CGACGCGACT","GAGACGTACG","GGCAATGAGA","TCGTAGCATC","GGCCGTAGTC","AAGACGGCCA","CGACGCGACT","TCTCATTGCC","GATGCTACGA","CGTACGTCTC","TCGAAGTTCA","C8"
"C",9,"ACGGAGAATA","CGTACCAACG","GATACGGAAC","GAAGAGCCTC","CGGTTATGCC","GTATTAAGTT","CGATTACGGC","GCCAACGCCA","GATACGGAAC","GGCATAACCG","AACTTAATAC","GAGGCTCTTC","CGTTGGTACG","C9"
"C",10,"ATTAACTTAA","AGAGATGAAT","TTATCCGGAT","CCGATGCATA","TGGCCGGCCT","CATTCTAGAA","TAATGAACGA","TCTACCATTA","TTATCCGGAT","AGGCCGGCCA","TTCTAGAATG","TATGCATCGG","ATTCATCTCT","C10"
"C",11,"CGTATTGAGA","TATTCCAATT","TAGAGTAATA","GTAATGGTAT","AGCTGCAATA","GGTAGATCAA","CCGTTCCTTA","CTTGCGGTCT","TAGAGTAATA","TATTGCAGCT","TTGATCTACC","ATACCATTAC","AATTGGAATA","C11"
"C",12,"TAGCCAGCAA","GGATGCGATT","GCAGGTCCGT","TTCTATCTCA","TGGCCATGCA","ATCTCCTACG","GGTACCATAT","TTACGTATAC","GCAGGTCCGT","TGCATGGCCA","CGTAGGAGAT","TGAGATAGAA","AATCGCATCC","C12"
"D",1,"TCGGCGTCGT","GTAACCAGGT","TCGGCCTTAC","GCAGCAGCTA","TGACGCTCCG","ACGAAGAAGC","CCGATTCGCA","CGATTGGTTA","TCGGCCTTAC","CGGAGCGTCA","GCTTCTTCGT","TAGCTGCTGC","ACCTGGTTAC","D1"
"D",2,"GCCTGATATA","CCTCGTCATA","AGAACGTCTC","TTGCTCGATT","AACTGCTGCC","CCGATCAGCC","ATGGCTCTGC","ACTTAACTAG","AGAACGTCTC","GGCAGCAGTT","GGCTGATCGG","AATCGAGCAA","TATGACGAGG","D2"
"D",3,"GCCTCAGCAT","AATGGTCTTA","CCAGTTCCAA","CCTCATCGGC","TGCGCGATGC","CTGGCTTCCT","GTATAATACG","GCAGACCGGT","CCAGTTCCAA","GCATCGCGCA","AGGAAGCCAG","GCCGATGAGG","TAAGACCATT","D3"
"D",4,"ATCTAGGTTC","ATGAATGCCT","GGCGTTAAGG","ACTTCAGCAA","ATTGAGATTG","TTCATAATGG","ATCAGCAAGT","TGAGTCCAGA","GGCGTTAAGG","CAATCTCAAT","CCATTATGAA","TTGCTGAAGT","AGGCATTCAT","D4"
"D",5,"GACGAGGTTG","GTCCGTAGAT","ACTTAACCTT","AGGTCATCCT","TTGATATATT","GTTGAACGCA","GGCGAACTCG","TGGAGAATTC","ACTTAACCTT","AATATATCAA","TGCGTTCAAC","AGGATGACCT","ATCTACGGAC","D5"
"D",6,"CTGGTTGGTT","CCATCCTAGT","CAACCGCTAA","AACGCGTCAG","CGGTAGGAAT","TAACGGCTGA","TTAATTGAAT","ACCAGCCTTA","CAACCGCTAA","ATTCCTACCG","TCAGCCGTTA","CTGACGCGTT","ACTAGGATGG","D6"
"D",7,"CCGCGCAGGT","TGGTTCCTAC","GACCTTGATA","CTATGCTTAC","ACCAGCGCAG","GAAGTCCGTC","TTAGGACCGG","GGCGAGCTTA","GACCTTGATA","CTGCGCTGGT","GACGGACTTC","GTAAGCATAG","GTAGGAACCA","D7"
"D",8,"ACTCTACTGG","GCGCCTTCCG","TCTGATACCA","GTTGCCGTTC","CGAATGAGCT","ATACGCCGCC","AAGTAAGAGC","TCGAGGAGTA","TCTGATACCA","AGCTCATTCG","GGCGGCGTAT","GAACGGCAAC","CGGAAGGCGC","D8"
"D",9,"CCTGAGAGCA","CGTACTACGC","GAAGATCGAG","GCTTACCGCC","AGTTCGAGTA","ACTGGATGCT","CCTTGGTCCA","CCTTACTCCT","GAAGATCGAG","TACTCGAACT","AGCATCCAGT","GGCGGTAAGC","GCGTAGTACG","D9"
"D",10,"ACCAGTATAA","GGCCGCGGTT","AGGAGCGGTA","TGGCAAGTCA","TTGGACGCTG","GAGCGAATAT","CATCAGAATG","TCAGACGAAC","AGGAGCGGTA","CAGCGTCCAA","ATATTCGCTC","TGACTTGCCA","AACCGCGGCC","D10"
"D",11,"TCCGCCGGTC","TGGATAGTTG","AAGAAGCTAG","CATCGAAGGA","ATAGACTAGG","TATATGAAGT","TTATAGCAGA","CCGTCCAGTA","AAGAAGCTAG","CCTAGTCTAT","ACTTCATATA","TCCTTCGATG","CAACTATCCA","D11"
"D",12,"TGCCTAACTT","CGGCGCCAGG","TCCGGCCTCG","AGAATCCTCG","TATAGTAAGC","ACGATACCGG","TTACTTGGAA","GTTCCGCTAA","TCCGGCCTCG","GCTTACTATA","CCGGTATCGT","CGAGGATTCT","CCTGGCGCCG","D12"
"E",1,"TTCTCTGAGA","CAAGCTCAGG","AGAGAAGGTT","GCAATCGGTT","CGGTCGTTAA","TCATACCGCT","GCTCAGCCGG","CAGATTCGAT","AGAGAAGGTT","TTAACGACCG","AGCGGTATGA","AACCGATTGC","CCTGAGCTTG","E1"
"E",2,"CCTGCATCAA","ATCATCCTTC","CATACTCCGA","CCTAAGATTC","ATGGCGGATC","CGCTAACCGT","ACGTCCGCAG","TGCATATAAC","CATACTCCGA","GATCCGCCAT","ACGGTTAGCG","GAATCTTAGG","GAAGGATGAT","E2"
"E",3,"TCTGACGAGG","CCTCCGGAGT","GCTAACTTGC","CCTGCGCGCG","CTCTGATCAG","CGCATCCATC","TTGACTGACG","TAGGCAGATA","GCTAACTTGC","CTGATCAGAG","GATGGATGCG","CGCGCGCAGG","ACTCCGGAGG","E3"
"E",4,"GATTCCGGAA","CCATTGCTGG","AATCCATCTT","ATCAGCGCGA","GGCCAGTCCG","CGTCTTCCTT","TTGCGAGGCA","TATGCCGAGT","AATCCATCTT","CGGACTGGCC","AAGGAAGACG","TCGCGCTGAT","CCAGCAATGG","E4"
"E",5,"TGGCATAACG","TATTCGCAGT","GGCTGAGCTC","GTACGATTCT","CGGAAGATAT","AACGCTATTA","TTCCAACCGC","ATAGTCGTAG","GGCTGAGCTC","ATATCTTCCG","TAATAGCGTT","AGAATCGTAC","ACTGCGAATA","E5"
"E",6,"TCTCTCATCC","CCGGTTAAGT","CCGATTCCTG","TTACCTTGCA","TGGCTGATGA","TAAGATAGGT","TAACCTTCGG","GGATGCAGCA","CCGATTCCTG","TCATCAGCCA","ACCTATCTTA","TGCAAGGTAA","ACTTAACCGG","E6"
"E",7,"TTCGCTGCCT","ATATTCTACC","ACCGCCAACC","CCGGCTCAGC","GAAGGTTGCC","TGATAATAGC","TCAAGCCGAT","CCGCTATATT","ACCGCCAACC","GGCAACCTTC","GCTATTATCA","GCTGAGCCGG","GGTAGAATAT","E7"
"E",8,"GGATTCTATC","TACGGATCGT","TGGCCTGAAG","TTCTGCAAGA","GTTGAAGGAT","GGCCTCCATT","CTTGCAACCT","ATCGAGTCGC","TGGCCTGAAG","ATCCTTCAAC","AATGGAGGCC","TCTTGCAGAA","ACGATCCGTA","E8"
"E",9,"TAGAATAGCC","TTCTCTCCAG","AACCTCATTC","ATATACGCTT","CCATTCGTAA","TGCCGCCGAT","CCATCGCGAA","GCGACGCAGA","AACCTCATTC","TTACGAATGG","ATCGGCGGCA","AAGCGTATAT","CTGGAGAGAA","E9"
"E",10,"GCTCGAATCA","CCAAGAGCAA","ATAAGGAGCA","CTCAGCAACC","TGCGCCAGAA","TGCCTATTAT","TAGACTTCTT","AATGGTCGAC","ATAAGGAGCA","TTCTGGCGCA","ATAATAGGCA","GGTTGCTGAG","TTGCTCTTGG","E10"
"E",11,"GGCTCGAGAT","TTGGTTCGAG","CGAACGCCGG","CAATTCTAGG","CGAATAATTC","CTGATACGTC","GTCCTTAAGA","TGGAACTAGA","CGAACGCCGG","GAATTATTCG","GACGTATCAG","CCTAGAATTG","CTCGAACCAA","E11"
"E",12,"TCCTCTCCGT","AACGGATTAC","GGTATGCTTG","ATCAGTCTCG","GCGACGCCTT","GACCTGGAAT","AGTAACGGTC","GTCCAACTCA","GGTATGCTTG","AAGGCGTCGC","ATTCCAGGTC","CGAGACTGAT","GTAATCCGTT","E12"
"F",1,"ATAACCGTTC","CATCTTCAGA","AACCTGCGTA","AATCCGCAAC","ATCAACGATT","TCAGATCGGA","GTTCGTCAGA","GTTATGGATC","AACCTGCGTA","AATCGTTGAT","TCCGATCTGA","GTTGCGGATT","TCTGAAGATG","F1"
"F",2,"AGGTCTATGG","TTGAACCTCC","GGCAGACGCC","CGGTTACCTT","GTTCTGAATT","GAGGCGGAAT","CGCCTAATGC","TTATAAGAAC","GGCAGACGCC","AATTCAGAAC","ATTCCGCCTC","AAGGTAACCG","GGAGGTTCAA","F2"
"F",3,"AGCAAGAACC","GGAATTCCAA","TAGCCGTCAT","ACGTTAAGAC","GCTAACCTCA","CAGCGCATCC","ACCGGAATTA","CAAGCTTCAT","TAGCCGTCAT","TGAGGTTAGC","GGATGCGCTG","GTCTTAACGT","TTGGAATTCC","F3"
"F",4,"TTGATATGAA","ATAGGTCCAA","CCTGGAAGAG","CTATCCAACC","CAAGCAACTG","AATGCCAAGA","TAGGCCATAG","CTGATTAAGA","CCTGGAAGAG","CAGTTGCTTG","TCTTGGCATT","GGTTGGATAG","TTGGACCTAT","F4"
"F",5,"TGGCAGAAGT","GCCATGGTAC","GGAGGTTCTA","ATAAGCGAAT","GGAGCGGCCG","TGGTCTACGT","TAACTCTTAG","TACTTACTTA","GGAGGTTCTA","CGGCCGCTCC","ACGTAGACCA","ATTCGCTTAT","GTACCATGGC","F5"
"F",6,"CTTCATTAGA","GAGCTCTTCA","CTAGTAGTCT","CTTATATCGG","CGCGTACGAC","GGTCGCCGCT","TATGAGTTAA","GGATCTGCAG","CTAGTAGTCT","GTCGTACGCG","AGCGGCGACC","CCGATATAAG","TGAAGAGCTC","F6"
"F",7,"AATCGAACTC","CCGAGGCAAC","ATCATCAACG","ATATGACGAC","CGATGGCGCC","AGCAAGTAGT","TATCATGATC","ATGCAATATG","ATCATCAACG","GGCGCCATCG","ACTACTTGCT","GTCGTCATAT","GTTGCCTCGG","F7"
"F",8,"GGACGACGCA","GTCTCTAGTT","ACGCGAGATT","TTACCGCATA","TGGTATTCAT","AAGAAGTTCA","GAGCATATGG","TTCCTAGACC","ACGCGAGATT","ATGAATACCA","TGAACTTCTT","TATGCGGTAA","AACTAGAGAC","F8"
"F",9,"CGTCTATGAA","GCTGGTTATA","GAAGAGGCAT","ATTCATCGCC","GATAAGGCAA","CGGCGCTGGC","TAACGATCCA","ACTGCCGATA","GAAGAGGCAT","TTGCCTTATC","GCCAGCGCCG","GGCGATGAAT","TATAACCAGC","F9"
"F",10,"CGAATCTCCT","TCGTAGGTCA","GGTATCCGCC","AGAAGCAGAA","GCCGGTCGAG","TCGTCAACTT","CGGCGTAACT","TCCAGAAGGT","GGTATCCGCC","CTCGACCGGC","AAGTTGACGA","TTCTGCTTCT","TGACCTACGA","F10"
"F",11,"GGCTATTCGA","AACTCAGACG","AACTAGGCGC","GTTCGTCGTT","TGCGCCATCT","CAACTTGGAT","CGTCGCAGCC","TTCAAGACCA","AACTAGGCGC","AGATGGCGCA","ATCCAAGTTG","AACGACGAAC","CGTCTGAGTT","F11"
"F",12,"TCTATCGGTA","TGCTGCCGGA","TCGCTAAGCA","CATGCTTCCA","AAGTCTTCCG","TTGGAGCTCA","GTAGCTCCAT","TATTACTCAT","TCGCTAAGCA","CGGAAGACTT","TGAGCTCCAA","TGGAAGCATG","TCCGGCAGCA","F12"
"G",1,"CGAAGGCATG","TGGAGGCAAG","TATATACTAA","TCGGTACCAG","AGACTCAAGC","CTTAGTTCAA","TTGCCTTGGC","AACTGATCTT","TATATACTAA","GCTTGAGTCT","TTGAACTAAG","CTGGTACCGA","CTTGCCTCCA","G1"
"G",2,"AATTGAGAGA","ACTGATGCGA","ACTTGCTAGA","TTGAGCCAAT","GCAGGCGACG","TTGAATTATA","TGCTAATTCT","CCGCGGACCG","ACTTGCTAGA","CGTCGCCTGC","TATAATTCAA","ATTGGCTCAA","TCGCATCAGT","G2"
"G",3,"GTAGTTGGAT","ACGACTCCTC","AACCATTGGA","AGATGACTGA","AATACTCTTC","CTTCAGCTTC","GTCCTACTTG","AATACGCAGG","AACCATTGGA","GAAGAGTATT","GAAGCTGAAG","TCAGTCATCT","GAGGAGTCGT","G3"
"G",4,"CCTAAGCGGT","TGGCAGCGAA","TCGCGGTTGG","ACGCTAGAAG","CCAACTAACC","GTATACCGAA","GGTAGGTTAG","GGTCGCGTCA","TCGCGGTTGG","GGTTAGTTGG","TTCGGTATAC","CTTCTAGCGT","TTCGCTGCCA","G4"
"G",5,"CGTAAGGAGT","CCGATACTCT","CGTAGTTACC","GTTCAATTGC","TATCCTCAAT","GGATATAATA","GAGCATCATT","AATTATCAGC","CGTAGTTACC","ATTGAGGATA","TATTATATCC","GCAATTGAAC","AGAGTATCGG","G5"
"G",6,"AAGCATCCTA","CAATATAGGC","TCCAATCATC","GGACCGTCAA","GCCGTCGCGT","GAATCGACGT","CCGCTCCGGC","CAGCTATCGT","TCCAATCATC","ACGCGACGGC","ACGTCGATTC","TTGACGGTCC","GCCTATATTG","G6"
"G",7,"CTGAAGAGAC","ACCGGCCGAC","AATCGATAAT","CATTAACGGA","CCGCTGCTTC","TGAACGGTAA","TTCTTCCGGT","ATTGCGCTGA","AATCGATAAT","GAAGCAGCGG","TTACCGTTCA","TCCGTTAATG","GTCGGCCGGT","G7"
"G",8,"GGCTTCTGGA","AATAAGGCTC","CCATTATCTA","TAAGCAGTCC","TGACCGAATC","AAGTCGCGCG","AGGAGAGAAC","TTGGTAGGCG","CCATTATCTA","GATTCGGTCA","CGCGCGACTT","GGACTGCTTA","GAGCCTTATT","G8"
"G",9,"AGCGATCCGC","CATCATAGCA","TCAACGTAAG","CCGGTCAGTT","GTCTCCAGAG","TCCGCCTACT","TAACTCAATT","AGCTAAGGTA","TCAACGTAAG","CTCTGGAGAC","AGTAGGCGGA","AACTGACCGG","TGCTATGATG","G9"
"G",10,"ACGCTTCTCT","GATGATCCAT","TCTAATAGTA","ATAACGGACT","AATGCTAGTC","TTAATAGTTC","ACTATAGGTT","TCGTAGAGAA","TCTAATAGTA","GACTAGCATT","GAACTATTAA","AGTCCGTTAT","ATGGATCATC","G10"
"G",11,"ATATGCCATC","ATGGCAATAC","AACCGCTGGT","ACGAGAAGAT","GACGACCTGC","CAACCGGATC","CAAGATGCCG","TGATGGCCTT","AACCGCTGGT","GCAGGTCGTC","GATCCGGTTG","ATCTTCTCGT","GTATTGCCAT","G11"
"G",12,"AAGTACGTTA","ACCAGAACCA","GATCGCTTCT","ATCCTCTTAA","AGAGCCAGCC","TTAGAGCAAC","AACGTCTAGT","TGGAAGTACC","GATCGCTTCT","GGCTGGCTCT","GTTGCTCTAA","TTAAGAGGAT","TGGTTCTGGT","G12"
"H",1,"GAATGAGGAG","GGTTCGACCT","CTAACTAGAT","AATCCAATAA","CCAGGCCGCA","CGTCATTCCA","AGGTATACTC","CTCCAAGGAT","CTAACTAGAT","TGCGGCCTGG","TGGAATGACG","TTATTGGATT","AGGTCGAACC","H1"
"H",2,"AGGCCGGTAA","CTTGGACGGA","GCTGGAACTT","CTAGCAGGAT","CAGGTATGGA","TAGGAAGGCA","TTCATAGGAC","AGATATATCG","GCTGGAACTT","TCCATACCTG","TGCCTTCCTA","ATCCTGCTAG","TCCGTCCAAG","H2"
"H",3,"GCCATCAACT","CGGTCTCATA","AGGTTAGTTC","TGGTCTCGGA","CCGGAGTTGC","TTGGCCTATA","GGAGGCCTCC","CATGCTGGTT","AGGTTAGTTC","GCAACTCCGG","TATAGGCCAA","TCCGAGACCA","TATGAGACCG","H3"
"H",4,"ACTGGTAGAT","AATCAGAGCC","CATTCGACGG","CCGAGTACTA","TTAATTATTG","GCGTCTATTC","TTCAATATAA","TCCTCGAGTC","CATTCGACGG","CAATAATTAA","GAATAGACGC","TAGTACTCGG","GGCTCTGATT","H4"
"H",5,"ATGAGTTCTC","CCTGAATACT","CATTCAATCA","GATGACGAAG","AATCAGCTGC","CAGAGTAGAC","ACGTCATATA","GCAAGGAATA","CATTCAATCA","GCAGCTGATT","GTCTACTCTG","CTTCGTCATC","AGTATTCAGG","H5"
"H",6,"CCATCGGACC","CTTGGAGACT","CGGATTAGAA","GGCAGTCTTC","CCGTTGACTT","ATGCCGGACG","TTGACCAGGA","GGCATAGCTT","CGGATTAGAA","AAGTCAACGG","CGTCCGGCAT","GAAGACTGCC","AGTCTCCAAG","H6"
"H",7,"GGCATCTACC","AAGACCTTAC","ATCGGCTATC","AATACGAATA","GCCAGGATCA","TATTCGATCT","CGGTTGCGCG","CTACGGTAGC","ATCGGCTATC","TGATCCTGGC","AGATCGAATA","TATTCGTATT","GTAAGGTCTT","H7"
"H",8,"TTCTCTACTA","GCGAGCGCTC","CCTTGATCGT","ACCTAGGAGA","CTTCGGCGCA","ATGGATCCGA","CAAGGAGGTC","AGTAAGCATA","CCTTGATCGT","TGCGCCGAAG","TCGGATCCAT","TCTCCTAGGT","GAGCGCTCGC","H8"
"H",9,"CCAGGCTCTT","TCGCAAGACG","ACGAAGTCAA","GAAGCGCCAA","CAAGGCATTC","ATAATGCATT","TTACGATGAA","CGCCTCGAAC","ACGAAGTCAA","GAATGCCTTG","AATGCATTAT","TTGGCGCTTC","CGTCTTGCGA","H9"
"H",10,"ATCCATCAGG","CAATCTCGGA","TTACCTCGAC","CGTTACGTTG","AAGAATGGAA","AAGTAGACTA","TTGCTGGCAT","TTAGGATCTA","TTACCTCGAC","TTCCATTCTT","TAGTCTACTT","CAACGTAACG","TCCGAGATTG","H10"
"H",11,"CTCGGAGCAA","TCGACCTACC","GGAGGATAGC","GTCGCGAATA","CGGATGAAGG","ATGGAAGCAT","GAGGCATCAA","ACTACTGAAG","GGAGGATAGC","CCTTCATCCG","ATGCTTCCAT","TATTCGCGAC","GGTAGGTCGA","H11"
"H",12,"GGCGGTTGAC","TTATAGGCAT","GGCTCTCTAT","TTAGAGCCTG","TATCGTCGGC","TGGATCAGGC","ATTCGACCAA","AATCTGGAGT","GGCTCTCTAT","GCCGACGATA","GCCTGATCCA","CAGGCTCTAA","ATGCCTATAA","H12"
